{
  "job_number": {
    "precision": 0.8,
    "recall": 0.9230769230769231,
    "f1-score": 0.8571428571428571,
    "support": 13,
    "confused_with": {
      "candidate_number": 1
    }
  },
  "job_country": {
    "precision": 1.0,
    "recall": 0.375,
    "f1-score": 0.5454545454545454,
    "support": 40,
    "confused_with": {}
  },
  "candidate_language": {
    "precision": 0.0,
    "recall": 0.0,
    "f1-score": 0.0,
    "support": 1,
    "confused_with": {}
  },
  "candidate_number": {
    "precision": 0.9285714285714286,
    "recall": 0.9285714285714286,
    "f1-score": 0.9285714285714286,
    "support": 14,
    "confused_with": {
      "job_number": 1
    }
  },
  "years_of_experience": {
    "precision": 0.0,
    "recall": 0.0,
    "f1-score": 0.0,
    "support": 2,
    "confused_with": {
      "job_number": 2
    }
  },
  "candidate_education": {
    "precision": 0.5555555555555556,
    "recall": 0.625,
    "f1-score": 0.5882352941176471,
    "support": 8,
    "confused_with": {}
  },
  "candidate_degree": {
    "precision": 0.75,
    "recall": 0.9130434782608695,
    "f1-score": 0.8235294117647057,
    "support": 23,
    "confused_with": {}
  },
  "job_salary": {
    "precision": 0.9375,
    "recall": 1.0,
    "f1-score": 0.967741935483871,
    "support": 15,
    "confused_with": {}
  },
  "candidate_soft_skill": {
    "precision": 0.0,
    "recall": 0.0,
    "f1-score": 0.0,
    "support": 3,
    "confused_with": {}
  },
  "candidate_domain_skill": {
    "precision": 0.0,
    "recall": 0.0,
    "f1-score": 0.0,
    "support": 8,
    "confused_with": {
      "candidate_degree": 4
    }
  },
  "micro avg": {
    "precision": 0.81,
    "recall": 0.6377952755905512,
    "f1-score": 0.7136563876651982,
    "support": 127
  },
  "macro avg": {
    "precision": 0.4971626984126984,
    "recall": 0.4764691829909221,
    "f1-score": 0.47106754725350547,
    "support": 127
  },
  "weighted avg": {
    "precision": 0.7807633420822396,
    "recall": 0.6377952755905512,
    "f1-score": 0.6623954867466647,
    "support": 127
  },
  "accuracy": 0.9745762711864406
}