{
  "candidate_number": {
    "precision": 0.8125,
    "recall": 0.9285714285714286,
    "f1-score": 0.8666666666666666,
    "support": 14,
    "confused_with": {
      "job_number": 1
    }
  },
  "candidate_degree": {
    "precision": 0.8076923076923077,
    "recall": 0.9130434782608695,
    "f1-score": 0.8571428571428572,
    "support": 23,
    "confused_with": {}
  },
  "job_salary": {
    "precision": 0.8823529411764706,
    "recall": 1.0,
    "f1-score": 0.9375,
    "support": 15,
    "confused_with": {}
  },
  "candidate_language": {
    "precision": 0.0,
    "recall": 0.0,
    "f1-score": 0.0,
    "support": 1,
    "confused_with": {}
  },
  "job_country": {
    "precision": 1.0,
    "recall": 0.55,
    "f1-score": 0.7096774193548387,
    "support": 40,
    "confused_with": {}
  },
  "years_of_experience": {
    "precision": 1.0,
    "recall": 0.5,
    "f1-score": 0.6666666666666666,
    "support": 2,
    "confused_with": {
      "job_salary": 1
    }
  },
  "job_number": {
    "precision": 0.75,
    "recall": 0.6923076923076923,
    "f1-score": 0.7199999999999999,
    "support": 13,
    "confused_with": {
      "candidate_number": 3,
      "job_salary": 1
    }
  },
  "candidate_domain_skill": {
    "precision": 0.0,
    "recall": 0.0,
    "f1-score": 0.0,
    "support": 8,
    "confused_with": {
      "candidate_degree": 3
    }
  },
  "candidate_education": {
    "precision": 0.7142857142857143,
    "recall": 0.625,
    "f1-score": 0.6666666666666666,
    "support": 8,
    "confused_with": {}
  },
  "candidate_soft_skill": {
    "precision": 0.0,
    "recall": 0.0,
    "f1-score": 0.0,
    "support": 3,
    "confused_with": {}
  },
  "micro avg": {
    "precision": 0.819047619047619,
    "recall": 0.6771653543307087,
    "f1-score": 0.7413793103448276,
    "support": 127
  },
  "macro avg": {
    "precision": 0.5966830963154492,
    "recall": 0.520892259913999,
    "f1-score": 0.5424320276497696,
    "support": 127
  },
  "weighted avg": {
    "precision": 0.7925315189673688,
    "recall": 0.6771653543307087,
    "f1-score": 0.7112116731376319,
    "support": 127
  },
  "accuracy": 0.9772524531668153
}