{
  "candidate_role": {
    "precision": 0.9375,
    "recall": 0.967741935483871,
    "f1-score": 0.9523809523809523,
    "support": 31,
    "confused_with": {
      "job_description": 1
    }
  },
  "job_description": {
    "precision": 0.9142857142857143,
    "recall": 0.8888888888888888,
    "f1-score": 0.9014084507042254,
    "support": 36,
    "confused_with": {
      "provide_job_country": 2,
      "looking_for_job": 1
    }
  },
  "provide_job_title": {
    "precision": 0.918918918918919,
    "recall": 0.918918918918919,
    "f1-score": 0.918918918918919,
    "support": 37,
    "confused_with": {
      "looking_for_job": 2,
      "bot_challenge": 1
    }
  },
  "looking_for_candidate": {
    "precision": 0.9666666666666667,
    "recall": 0.9666666666666667,
    "f1-score": 0.9666666666666667,
    "support": 30,
    "confused_with": {
      "candidate_role": 1
    }
  },
  "bot_challenge": {
    "precision": 0.9032258064516129,
    "recall": 0.9655172413793104,
    "f1-score": 0.9333333333333333,
    "support": 29,
    "confused_with": {
      "provide_job_title": 1
    }
  },
  "goodbye": {
    "precision": 0.7142857142857143,
    "recall": 0.5,
    "f1-score": 0.588235294117647,
    "support": 10,
    "confused_with": {
      "mood_great": 2,
      "bot_challenge": 1
    }
  },
  "mood_unhappy": {
    "precision": 0.7692307692307693,
    "recall": 0.7142857142857143,
    "f1-score": 0.7407407407407408,
    "support": 14,
    "confused_with": {
      "im_not_looking_for_job_nor_for_candidate": 1,
      "mood_great": 1
    }
  },
  "ask_to_know_more_about_candidate": {
    "precision": 0.9285714285714286,
    "recall": 0.9285714285714286,
    "f1-score": 0.9285714285714286,
    "support": 14,
    "confused_with": {
      "ask_to_know_more_about_job": 1
    }
  },
  "im_not_looking_for_job_nor_for_candidate": {
    "precision": 0.9230769230769231,
    "recall": 0.8,
    "f1-score": 0.8571428571428571,
    "support": 15,
    "confused_with": {
      "bot_challenge": 1,
      "looking_for_job": 1
    }
  },
  "provide_job_country": {
    "precision": 0.9285714285714286,
    "recall": 0.8125,
    "f1-score": 0.8666666666666666,
    "support": 32,
    "confused_with": {
      "looking_for_job": 4,
      "job_description": 1
    }
  },
  "want_stop_conversation": {
    "precision": 0.7692307692307693,
    "recall": 1.0,
    "f1-score": 0.8695652173913044,
    "support": 10,
    "confused_with": {}
  },
  "mood_great": {
    "precision": 0.6923076923076923,
    "recall": 0.6428571428571429,
    "f1-score": 0.6666666666666666,
    "support": 14,
    "confused_with": {
      "want_stop_conversation": 2,
      "mood_unhappy": 1
    }
  },
  "greet": {
    "precision": 0.8461538461538461,
    "recall": 0.7857142857142857,
    "f1-score": 0.8148148148148148,
    "support": 14,
    "confused_with": {
      "want_stop_conversation": 1,
      "mood_unhappy": 1
    }
  },
  "looking_for_job": {
    "precision": 0.7647058823529411,
    "recall": 0.9629629629629629,
    "f1-score": 0.8524590163934426,
    "support": 27,
    "confused_with": {
      "job_description": 1
    }
  },
  "ask_to_know_more_about_job": {
    "precision": 0.9230769230769231,
    "recall": 0.9230769230769231,
    "f1-score": 0.9230769230769231,
    "support": 13,
    "confused_with": {
      "ask_to_know_more_about_candidate": 1
    }
  },
  "in_place": {
    "precision": 0.9,
    "recall": 0.9,
    "f1-score": 0.9,
    "support": 10,
    "confused_with": {
      "candidate_role": 1
    }
  },
  "provide_job_salary": {
    "precision": 1.0,
    "recall": 1.0,
    "f1-score": 1.0,
    "support": 15,
    "confused_with": {}
  },
  "accuracy": 0.886039886039886,
  "macro avg": {
    "precision": 0.8705769695989029,
    "recall": 0.8633942416944772,
    "f1-score": 0.8635675263286229,
    "support": 351
  },
  "weighted avg": {
    "precision": 0.8875233322740986,
    "recall": 0.886039886039886,
    "f1-score": 0.8841514708693108,
    "support": 351
  },
  "micro avg": {
    "precision": 0.886039886039886,
    "recall": 0.886039886039886,
    "f1-score": 0.886039886039886,
    "support": 351
  }
}